{
    "root_group": {
        "name": "",
        "path": "",
        "id": "d41d8cd98f00b204e9800998ecf8427e",
        "groups": {},
        "checks": {
                "status 200": {
                    "name": "status 200",
                    "path": "::status 200",
                    "id": "fad9fa412b86fcb03bee97c80dcd61f1",
                    "passes": 857,
                    "fails": 0
                },
                "tiempo < 1000ms": {
                    "name": "tiempo < 1000ms",
                    "path": "::tiempo < 1000ms",
                    "id": "dd9ecbfdaa998ae125fd591af82b8c34",
                    "passes": 857,
                    "fails": 0
                }
            }
    },
    "metrics": {
        "http_req_tls_handshaking": {
            "avg": 5.264838389731621,
            "min": 0,
            "med": 0,
            "max": 161.7058,
            "p(90)": 0,
            "p(95)": 0
        },
        "iteration_duration": {
            "max": 1616.7816,
            "p(90)": 1262.64994,
            "p(95)": 1273.21958,
            "avg": 1228.3139292882136,
            "min": 1164.0955,
            "med": 1219.1325
        },
        "http_req_blocked": {
            "avg": 10.493449008168028,
            "min": 0,
            "med": 0,
            "max": 365.9805,
            "p(90)": 0,
            "p(95)": 0
        },
        "data_sent": {
            "count": 163211,
            "rate": 2303.576634583004
        },
        "iterations": {
            "count": 857,
            "rate": 12.09578506251193
        },
        "http_req_failed": {
            "passes": 0,
            "fails": 857,
            "thresholds": {
                "rate<0.02": false
            },
            "value": 0
        },
        "checks": {
            "fails": 0,
            "passes": 1714,
            "thresholds": {
                "rate>0.95": false
            },
            "value": 1
        },
        "http_req_connecting": {
            "min": 0,
            "med": 0,
            "max": 152.5257,
            "p(90)": 0,
            "p(95)": 0,
            "avg": 5.156405367561261
        },
        "http_reqs": {
            "count": 857,
            "rate": 12.09578506251193
        },
        "http_req_sending": {
            "avg": 0.009062543757292884,
            "min": 0,
            "med": 0,
            "max": 0.7294,
            "p(90)": 0,
            "p(95)": 0
        },
        "vus_max": {
            "max": 30,
            "value": 30,
            "min": 30
        },
        "http_req_receiving": {
            "max": 9.9949,
            "p(90)": 0,
            "p(95)": 0,
            "avg": 0.09423838973162195,
            "min": 0,
            "med": 0
        },
        "http_req_duration{expected_response:true}": {
            "avg": 217.46001971995315,
            "min": 156.5595,
            "med": 216.9371,
            "max": 311.8947,
            "p(90)": 258.33434,
            "p(95)": 264.18336
        },
        "vus": {
            "value": 4,
            "min": 1,
            "max": 29
        },
        "http_req_waiting": {
            "p(95)": 264.18336,
            "avg": 217.35671878646426,
            "min": 156.5595,
            "med": 216.895,
            "max": 311.8947,
            "p(90)": 258.33434
        },
        "data_received": {
            "count": 1087094,
            "rate": 15343.355153729688
        },
        "http_req_duration": {
            "avg": 217.46001971995315,
            "min": 156.5595,
            "med": 216.9371,
            "max": 311.8947,
            "p(90)": 258.33434,
            "p(95)": 264.18336,
            "thresholds": {
                "avg<600": false,
                "p(95)<1000": false,
                "max<2000": false
            }
        }
    }
}