{
    "root_group": {
        "checks": {
            "status 200": {
                "name": "status 200",
                "path": "::status 200",
                "id": "fad9fa412b86fcb03bee97c80dcd61f1",
                "passes": 500,
                "fails": 0
            },
            "tiempo < 600ms": {
                "path": "::tiempo < 600ms",
                "id": "ae3c7fb0111b33fbc9570fac4f58fb44",
                "passes": 500,
                "fails": 0,
                "name": "tiempo < 600ms"
            }
        },
        "name": "",
        "path": "",
        "id": "d41d8cd98f00b204e9800998ecf8427e",
        "groups": {}
    },
    "metrics": {
        "vus_max": {
            "value": 20,
            "min": 20,
            "max": 20
        },
        "data_received": {
            "count": 643715,
            "rate": 20709.364625954386
        },
        "http_req_blocked": {
            "avg": 13.831888000000005,
            "min": 0,
            "med": 0,
            "max": 346.787,
            "p(90)": 0,
            "p(95)": 0
        },
        "http_req_duration{expected_response:true}": {
            "avg": 220.89905320000003,
            "min": 165.5146,
            "med": 219.32594999999998,
            "max": 296.388,
            "p(90)": 263.69777999999997,
            "p(95)": 268.74302
        },
        "http_req_sending": {
            "avg": 0.0093658,
            "min": 0,
            "med": 0,
            "max": 0.5361,
            "p(90)": 0,
            "p(95)": 0
        },
        "http_req_receiving": {
            "avg": 0.0067996,
            "min": 0,
            "med": 0,
            "max": 0.843,
            "p(90)": 0,
            "p(95)": 0
        },
        "http_req_duration": {
            "max": 296.388,
            "p(90)": 263.69777999999997,
            "p(95)": 268.74302,
            "avg": 220.89905320000003,
            "min": 165.5146,
            "med": 219.32594999999998,
            "thresholds": {
                "avg<500": false,
                "p(90)<700": false,
                "p(95)<900": false
            }
        },
        "http_req_connecting": {
            "avg": 6.013000600000002,
            "min": 0,
            "med": 0,
            "max": 156.0987,
            "p(90)": 0,
            "p(95)": 0
        },
        "vus": {
            "value": 1,
            "min": 1,
            "max": 20
        },
        "http_req_waiting": {
            "p(95)": 268.74302,
            "avg": 220.88288780000002,
            "min": 165.5146,
            "med": 219.32594999999998,
            "max": 296.388,
            "p(90)": 263.69777999999997
        },
        "http_req_failed": {
            "passes": 0,
            "fails": 500,
            "thresholds": {
                "rate<0.01": false
            },
            "value": 0
        },
        "checks": {
            "fails": 0,
            "passes": 1000,
            "thresholds": {
                "rate>0.95": false
            },
            "value": 1
        },
        "data_sent": {
            "count": 99520,
            "rate": 3201.7212082598357
        },
        "iteration_duration": {
            "avg": 1235.0611299999994,
            "min": 1166.1159,
            "med": 1220.6815,
            "max": 1631.0144,
            "p(90)": 1267.95636,
            "p(95)": 1282.305145
        },
        "http_req_tls_handshaking": {
            "avg": 6.396029200000001,
            "min": 0,
            "med": 0,
            "max": 177.9871,
            "p(90)": 0,
            "p(95)": 0
        },
        "iterations": {
            "count": 500,
            "rate": 16.085817967543388
        },
        "http_reqs": {
            "rate": 16.085817967543388,
            "count": 500
        }
    }
}